EDT,Température maximumC,Température moyenneC,Température minimumC,Point de roséeC,MeanDew PointC,Min DewpointC,Max Humidité, Mean Humidité, Min Humidité, Max Pression au niveau de la merhPa, Mean Pression au niveau de la merhPa, Min Pression au niveau de la merhPa, Max VisibilitéKm, Mean VisibilitéKm, Min VisibilitékM, Max Vitesse du ventKm/h, Mean Vitesse du ventKm/h, Max Vitesse des rafalesKm/h,Précipitationmm, CloudCover, Evénements,WindDirDegrees
2010-3-12,19,18,17,18,17,16,100,96,90,1008,1005,1002,16,11,1,26,10,35,27.43,7,Pluie-Orage,177
2010-3-13,22,18,14,16,11,3,96,68,32,1008,1005,1003,16,16,5,40,21,55,2.29,2,Pluie,263
2010-3-14,22,18,13,9,7,4,77,56,32,1012,1010,1008,16,16,16,45,21,58,0.00,1,,275
2010-3-15,23,17,12,12,9,6,93,65,37,1015,1012,1010,16,16,16,37,19,58,0.00,0,,276
2010-3-16,19,14,11,10,6,4,86,62,40,1017,1016,1014,16,16,16,16,11,,0.00,0,,340
2010-3-17,21,16,12,11,9,7,86,70,45,1017,1015,1012,16,16,16,24,8,,0.00,4,,301
2010-3-18,18,14,12,11,9,6,89,71,48,1015,1014,1012,16,16,16,27,16,42,0.00,7,Pluie,284
2010-3-19,23,17,10,11,7,1,93,58,29,1020,1018,1016,16,16,10,19,11,26,0.00,0,,316
2010-3-20,24,16,9,12,8,5,90,60,34,1021,1019,1018,16,16,13,16,5,,0.00,0,,154
2010-3-21,22,18,14,18,16,12,100,87,68,1018,1014,1011,16,13,0,29,14,47,36.83,6,Brouillard-Pluie-Orage,193
2010-3-22,21,17,12,12,10,8,93,72,42,1016,1015,1013,16,16,14,35,16,47,0.25,4,Pluie,250
2010-3-23,22,17,13,11,8,5,78,60,37,1020,1017,1016,16,16,16,23,18,39,0.00,4,,287
2010-3-24,24,17,10,13,9,6,93,65,33,1022,1020,1018,16,15,8,21,5,,0.00,0,,107
2010-3-25,26,20,14,17,14,12,96,72,43,1020,1016,1013,16,13,2,24,10,60,10.16,3,Brouillard-Pluie-Orage,189
2010-3-26,27,22,17,18,15,4,100,77,24,1015,1011,1009,16,16,6,32,16,39,2.29,4,Pluie-Orage,253
2010-3-27,26,19,13,16,13,11,90,67,39,1020,1018,1015,16,16,16,29,14,39,0.00,1,,57
2010-3-28,24,20,16,19,17,14,100,90,62,1019,1015,1012,16,12,1,27,14,37,9.91,5,Brouillard-Pluie-Orage,97
2010-3-29,24,18,14,18,15,7,100,85,41,1012,1008,1005,16,12,2,37,13,52,20.57,6,Pluie,239
2010-3-30,23,17,12,11,6,2,90,53,26,1018,1015,1013,16,16,16,27,16,40,0.00,0,,280
2010-3-31,26,18,12,11,8,4,89,57,25,1022,1020,1018,16,16,16,19,8,27,0.00,0,,306
2010-4-1,28,20,13,13,11,8,97,62,30,1023,1021,1019,16,15,6,16,6,,0.00,0,,26
2010-4-2,28,21,14,16,14,12,93,69,38,1021,1020,1018,16,15,10,26,5,32,0.00,0,,110
2010-4-3,28,21,15,17,14,10,96,71,32,1020,1019,1018,16,14,3,19,6,,0.00,0,,107
2010-4-4,28,21,14,18,16,12,100,83,39,1023,1021,1020,16,9,0,21,3,34,0.25,1,Brouillard,86
2010-4-5,28,22,16,16,14,13,97,71,41,1025,1023,1022,16,16,14,21,5,27,0.00,0,,107
2010-4-6,28,21,14,16,14,13,97,70,42,1023,1021,1019,16,16,16,24,8,,0.25,0,,129
2010-4-7,28,22,16,18,15,13,93,68,41,1020,1018,1016,16,16,16,23,10,35,0.00,0,,161
2010-4-8,29,24,19,19,17,12,96,72,37,1017,1015,1012,16,16,16,24,13,34,0.00,3,,203
2010-4-9,28,23,17,20,16,3,94,71,20,1021,1016,1011,16,16,11,27,16,37,1.02,4,Pluie,273
2010-4-10,25,20,16,14,12,9,84,59,40,1026,1024,1021,16,16,16,26,13,32,0.00,0,,55
2010-4-11,27,22,18,16,14,12,84,66,44,1024,1023,1021,16,16,16,26,13,35,0.00,2,,56
2010-4-12,26,21,17,17,15,12,93,70,46,1022,1021,1020,16,16,14,35,14,47,0.00,2,,35
2010-4-13,27,22,18,19,17,15,90,74,52,1024,1022,1021,16,16,14,34,14,47,2.29,4,,53
2010-4-14,26,21,17,18,14,13,93,69,45,1027,1025,1023,16,16,16,39,16,47,0.00,1,,60
2010-4-15,26,21,18,17,16,14,90,73,50,1027,1025,1024,16,16,16,32,13,45,0.00,2,,40
2010-4-16,27,21,17,17,14,11,97,70,42,1025,1022,1019,16,15,13,24,13,35,0.00,1,,81
2010-4-17,27,21,16,17,15,13,96,69,42,1019,1016,1013,16,16,16,16,5,,0.00,3,,136
2010-4-18,24,20,18,19,18,17,97,85,66,1014,1013,1012,16,15,6,13,3,,6.10,6,Pluie,107
2010-4-19,27,22,17,19,17,15,100,85,50,1015,1014,1013,16,13,5,21,6,27,5.59,5,Pluie,16
2010-4-20,27,22,17,18,17,13,100,83,42,1016,1014,1013,16,11,0,23,5,,1.52,4,Brouillard-Pluie,64
2010-4-21,28,22,17,18,16,13,100,73,41,1014,1012,1010,16,14,4,19,10,26,8.64,4,Pluie-Orage,255
2010-4-22,28,23,18,17,14,10,93,63,34,1016,1014,1012,16,16,13,21,11,,0.00,1,,301
2010-4-23,29,23,17,18,16,14,87,64,40,1018,1016,1014,16,16,14,26,8,27,0.00,0,,158
2010-4-24,31,24,18,19,17,14,93,68,39,1018,1016,1014,16,16,14,26,13,37,0.00,0,,157
2010-4-25,31,25,20,22,20,18,96,81,51,1013,1009,1006,16,14,2,47,19,69,20.83,5,Pluie-Orage,195
2010-4-26,29,24,19,19,17,9,100,75,35,1008,1005,1002,16,14,2,34,18,47,28.19,4,Pluie-Orage,230
2010-4-27,29,23,18,16,13,9,87,55,31,1011,1009,1007,16,16,16,29,21,47,0.00,0,,269
2010-4-28,24,20,16,16,7,4,71,43,29,1018,1015,1011,16,16,16,24,16,35,0.00,0,,312
2010-4-29,28,21,14,18,12,9,81,60,31,1020,1017,1015,16,16,16,23,8,32,0.00,1,,153
2010-4-30,28,23,19,21,19,18,90,75,58,1018,1016,1015,16,16,16,26,16,34,0.00,3,,137
2010-5-1,32,26,21,23,22,20,96,77,53,1018,1016,1014,16,16,16,24,14,35,0.00,1,,149
2010-5-2,33,27,22,22,21,16,97,76,38,1019,1017,1016,16,16,13,24,16,35,0.00,1,,153
2010-5-3,33,27,22,23,22,21,100,77,50,1019,1017,1015,16,16,13,27,14,37,0.00,4,,167
2010-5-4,33,28,24,24,22,19,100,76,45,1018,1015,1013,16,15,13,26,13,27,0.00,3,,207
2010-5-5,31,27,24,23,22,21,94,81,59,1016,1014,1013,16,14,2,29,10,39,9.40,4,Pluie-Orage,257
2010-5-6,32,27,23,23,22,16,96,83,57,1017,1015,1013,16,14,2,21,5,,14.22,3,Pluie,234
2010-5-7,33,27,22,23,21,17,100,76,41,1019,1017,1016,16,14,8,14,6,,0.25,2,,245
2010-5-8,32,28,23,22,21,17,93,69,40,1019,1017,1015,16,16,11,26,10,37,0.00,1,,277
2010-5-9,30,25,21,22,18,13,90,67,36,1022,1019,1017,16,16,13,26,18,34,0.00,0,,5
2010-5-10,28,23,19,18,17,16,93,70,50,1024,1022,1020,16,16,16,26,14,35,0.00,1,,73
2010-5-11,29,23,19,19,18,17,90,74,54,1024,1023,1021,16,16,16,27,13,35,0.00,2,,100
2010-5-12,29,23,19,19,18,17,93,73,58,1024,1023,1022,16,16,16,23,11,26,0.00,2,,107
2010-5-13,29,24,19,19,18,18,93,73,51,1025,1023,1022,16,16,16,23,10,27,0.00,1,,106
2010-5-14,31,24,20,20,18,17,93,72,48,1025,1024,1023,16,16,16,23,13,45,0.00,0,,103
2010-5-15,32,25,19,21,19,18,97,73,45,1024,1022,1020,16,16,16,21,11,32,0.00,0,,116
2010-5-16,32,26,21,22,21,17,100,81,42,1021,1019,1016,16,14,1,32,10,50,8.13,2,Pluie-Orage,151
2010-5-17,30,25,21,24,22,20,100,89,61,1019,1016,1014,16,14,3,26,13,35,7.37,4,Pluie-Orage,176
2010-5-18,33,27,22,22,21,17,100,78,40,1016,1014,1012,16,15,10,19,8,,0.00,3,,240
2010-5-19,32,27,23,22,20,18,93,68,49,1015,1014,1013,16,16,13,21,5,,0.00,0,,222
2010-5-20,33,28,23,23,21,18,91,69,42,1017,1015,1014,16,16,13,19,5,,0.00,1,,108
2010-5-21,33,28,23,23,21,18,96,74,46,1019,1017,1016,16,15,10,27,8,34,0.00,2,,86
2010-5-22,32,27,23,22,21,18,93,72,46,1019,1017,1016,16,16,14,24,10,37,0.00,1,,72
2010-5-23,32,27,22,21,20,18,93,73,46,1018,1016,1015,16,16,16,26,10,35,0.00,0,,70
2010-5-24,32,27,23,22,20,17,93,72,40,1015,1014,1013,16,16,16,23,6,26,0.00,1,,54
2010-5-25,29,26,22,22,20,17,94,77,49,1015,1014,1013,16,16,6,26,8,34,0.00,3,Pluie,34
2010-5-26,32,26,21,19,17,13,90,63,35,1014,1012,1010,16,16,16,19,11,27,0.00,1,,346
2010-5-27,33,27,22,21,19,17,87,64,39,1011,1010,1008,16,16,16,19,6,,0.00,3,,255
2010-5-28,32,26,21,22,20,17,94,75,40,1011,1010,1008,16,13,0,53,10,74,31.50,4,Brouillard-Pluie-Orage,221
2010-5-29,31,26,22,23,21,19,94,83,61,1013,1011,1010,16,14,3,23,8,34,23.11,3,Pluie-Orage,90
2010-5-30,31,26,22,23,22,21,97,82,55,1017,1014,1012,16,16,16,26,10,,0.00,2,Pluie-Orage,111
2010-5-31,33,28,23,24,22,20,97,81,48,1018,1017,1015,16,15,4,32,13,40,7.11,4,Pluie-Orage,136
2010-6-1,33,28,23,23,22,19,100,82,46,1018,1016,1013,16,14,2,35,6,47,17.02,4,Pluie-Orage,180
2010-6-2,33,28,23,23,22,19,97,78,45,1015,1014,1011,16,14,3,23,6,,8.13,4,Pluie-Orage,182
2010-6-3,33,28,22,23,22,20,97,84,50,1015,1013,1012,16,15,5,63,11,80,2.79,2,Pluie-Orage,179
2010-6-4,33,27,23,24,23,21,91,82,63,1017,1015,1013,16,16,16,26,10,35,1.02,2,Pluie,190
2010-6-5,34,28,23,25,23,22,94,77,55,1017,1016,1015,16,16,16,19,8,,0.00,1,,222
2010-6-6,34,29,25,25,23,22,94,76,54,1017,1015,1013,16,16,16,27,8,39,0.00,1,,227
2010-6-7,33,28,24,26,24,21,97,81,59,1015,1014,1012,16,15,6,27,13,40,0.51,2,Pluie-Orage,261
2010-6-8,32,28,23,24,21,19,94,72,48,1020,1017,1015,16,15,10,26,13,37,0.00,1,,51
2010-6-9,31,26,22,21,19,18,91,69,51,1020,1019,1018,16,16,16,26,13,48,0.00,1,,69
2010-6-10,33,27,22,21,19,16,90,65,37,1019,1018,1016,16,16,16,19,8,26,0.00,0,,59
2010-6-11,35,28,22,22,19,16,96,64,38,1020,1019,1017,16,16,16,23,5,,0.00,0,,108
2010-6-12,34,29,24,24,23,21,91,72,48,1021,1020,1018,16,16,16,27,8,35,0.00,1,,82
2010-6-13,35,29,25,26,23,21,94,75,47,1020,1018,1015,16,16,11,21,5,,0.25,1,Pluie,95
2010-6-14,38,31,26,25,23,17,93,66,30,1017,1016,1014,16,16,16,21,6,,0.00,1,Orage,189
2010-6-15,37,29,25,26,24,22,90,77,50,1019,1017,1015,16,15,2,39,10,45,1.02,2,Pluie-Orage,243
2010-6-16,36,29,24,24,23,20,90,74,49,1019,1018,1016,16,14,1,47,6,63,7.11,2,Pluie-Orage,8
2010-6-17,33,28,23,24,23,22,94,80,54,1018,1017,1016,16,16,11,29,5,35,3.30,2,Pluie-Orage,265
2010-6-18,32,27,23,24,22,20,97,77,51,1019,1018,1016,16,15,5,34,8,47,1.02,1,Pluie-Orage,227
2010-6-19,34,28,23,23,22,20,96,75,45,1020,1018,1016,16,14,3,29,6,42,11.68,3,Pluie-Orage,218
2010-6-20,33,28,23,24,23,22,97,84,54,1018,1017,1016,16,16,16,29,6,39,1.78,2,Pluie-Orage,169
2010-6-21,33,27,23,24,23,21,97,81,61,1021,1018,1016,16,15,3,34,6,45,6.86,2,Pluie,90
2010-6-22,33,28,24,24,23,21,97,78,53,1022,1020,1018,16,14,2,34,10,52,7.11,2,Pluie-Orage,105
2010-6-23,33,28,24,24,23,21,97,75,50,1021,1020,1019,16,16,16,27,11,35,0.00,2,,89
2010-6-24,34,29,24,25,23,20,100,75,45,1020,1019,1017,16,16,16,21,10,29,0.00,1,,89
2010-6-25,34,29,24,24,23,22,94,73,49,1019,1018,1016,16,16,16,23,6,,0.00,1,,119
2010-6-26,36,30,24,25,23,20,97,73,40,1017,1016,1014,16,16,16,26,8,,0.00,1,,139
2010-6-27,35,29,25,25,23,21,94,73,47,1016,1014,1013,16,16,16,29,10,35,0.00,1,,173
2010-6-28,34,29,25,25,23,21,90,72,47,1016,1014,1013,16,16,16,23,6,,0.00,0,,149
2010-6-29,34,29,26,24,23,22,90,73,52,1017,1016,1015,16,16,16,23,11,34,0.00,1,,133
2010-6-30,35,29,24,24,23,21,90,74,47,1020,1018,1016,16,16,16,35,11,52,0.00,1,,142
2010-7-1,35,28,23,24,23,21,100,91,47,1020,1019,1017,16,10,0,58,8,77,74.68,5,Brouillard-Pluie-Orage,60
2010-7-2,28,26,23,24,23,21,100,89,67,1019,1018,1016,16,16,16,13,5,,1.27,2,Pluie,53
2010-7-3,31,27,24,24,23,22,100,86,67,1019,1017,1016,16,16,16,23,8,27,1.02,4,Pluie,52
2010-7-4,29,26,23,24,23,21,100,91,65,1019,1017,1016,16,14,4,24,8,29,6.10,5,Pluie-Orage,107
2010-7-5,30,26,23,23,23,21,100,87,63,1019,1018,1016,16,15,6,14,6,,6.86,5,Pluie,140
2010-7-6,32,27,23,25,22,19,97,77,53,1018,1017,1016,16,16,16,23,11,27,0.51,1,,84
2010-7-7,32,28,24,24,22,21,94,75,55,1018,1017,1015,16,16,16,23,10,29,0.00,1,,55
2010-7-8,33,28,22,22,20,16,93,66,38,1017,1016,1014,16,16,16,13,3,,0.00,0,,83
2010-7-9,34,29,24,24,22,20,90,71,43,1017,1015,1013,16,16,11,27,5,39,0.76,2,Pluie-Orage,254
2010-7-10,34,30,26,23,22,21,84,65,47,1017,1016,1014,16,16,16,19,8,,0.00,1,,285
2010-7-11,31,27,24,26,23,22,87,77,66,1016,1015,1013,16,16,16,23,11,29,0.00,2,Pluie-Orage,243
2010-7-12,33,29,26,25,24,22,96,75,55,1016,1014,1013,16,16,14,23,11,35,0.00,1,,248
2010-7-13,34,30,26,25,23,21,94,71,45,1018,1016,1015,16,16,16,21,5,,0.25,3,Pluie,252
2010-7-14,33,29,25,24,23,21,96,76,55,1019,1018,1017,16,16,16,23,6,35,0.25,2,Pluie-Orage,89
2010-7-15,34,28,23,26,23,22,97,84,52,1020,1019,1017,16,14,2,40,11,50,9.65,3,Pluie-Orage,161
2010-7-16,34,28,23,26,23,21,100,80,47,1021,1019,1017,16,15,2,39,8,72,2.79,1,Pluie-Orage,123
2010-7-17,34,29,24,25,23,21,100,74,48,1021,1020,1019,16,16,14,23,11,,0.00,1,,133
2010-7-18,34,28,24,24,23,21,94,72,50,1021,1020,1017,16,16,16,26,10,34,0.00,1,,106
2010-7-19,34,29,25,24,23,21,96,74,48,1020,1019,1017,16,16,16,23,10,32,0.00,1,,118
2010-7-20,34,29,25,24,23,22,94,70,47,1022,1020,1019,16,16,16,24,14,34,0.00,1,,109
2010-7-21,34,29,25,25,23,22,96,74,50,1022,1021,1019,16,16,13,24,11,34,0.00,2,,99
2010-7-22,34,29,24,24,23,21,96,72,48,1021,1019,1017,16,16,13,19,6,29,0.00,0,,73
2010-7-23,33,29,25,26,24,23,97,83,55,1019,1017,1016,16,14,3,47,14,63,9.65,2,Pluie,70
2010-7-24,34,29,26,26,25,24,100,82,59,1020,1018,1016,16,16,14,23,11,32,0.51,2,,128
2010-7-25,34,30,26,26,24,21,100,77,47,1021,1019,1017,16,16,16,27,8,32,0.00,2,,131
2010-7-26,36,30,25,26,23,21,94,70,44,1021,1019,1016,16,16,16,19,11,35,3.81,1,Pluie,198
2010-7-27,37,32,27,26,23,20,91,67,37,1021,1019,1017,16,16,16,16,6,26,0.00,2,,329
2010-7-28,37,31,26,26,24,21,88,73,44,1020,1019,1017,16,15,3,29,10,48,7.62,2,Pluie-Orage,332
2010-7-29,36,31,26,26,24,22,96,76,44,1019,1016,1014,16,13,2,40,6,52,13.97,3,Pluie-Orage,271
2010-7-30,36,31,26,26,23,21,94,69,43,1015,1013,1010,16,16,14,21,10,,0.00,1,,246
2010-7-31,36,31,27,26,24,21,94,70,46,1012,1011,1009,16,16,16,14,10,,0.00,2,Orage,256
2010-8-1,36,29,23,26,24,21,100,82,44,1014,1012,1010,16,12,1,50,13,64,45.72,3,Brouillard-Pluie-Orage,204
2010-8-2,35,29,24,24,23,23,97,76,49,1018,1016,1014,16,16,16,19,5,,0.00,1,,104
2010-8-3,35,30,26,25,24,22,96,74,49,1019,1017,1016,16,16,16,24,6,35,0.00,0,Pluie,99
2010-8-4,34,29,26,24,23,21,90,73,50,1017,1016,1014,16,16,16,27,8,35,0.00,1,,77
2010-8-5,34,28,24,24,23,22,94,75,53,1016,1014,1012,16,16,16,16,11,,0.00,2,Orage,169
2010-8-6,35,30,26,24,23,22,93,72,49,1015,1014,1012,16,16,16,32,8,42,0.00,2,,218
2010-8-7,32,28,24,26,24,23,100,84,65,1015,1014,1013,16,14,1,29,8,35,18.29,2,Pluie-Orage,204
2010-8-8,31,27,23,26,24,22,100,92,74,1015,1014,1012,16,12,1,42,8,60,48.51,4,Brouillard-Pluie-Orage,273
2010-8-9,33,28,24,26,24,23,100,86,61,1014,1013,1012,16,16,10,23,5,27,0.00,5,,91
2010-8-10,31,27,24,24,23,22,94,81,67,1015,1014,1013,16,16,16,27,16,40,0.25,2,Pluie,105
2010-8-11,34,29,24,26,23,22,96,84,49,1015,1014,1013,16,13,1,29,14,40,16.00,3,Brouillard-Pluie-Orage,146
2010-8-12,34,29,24,25,24,22,97,78,50,1015,1014,1012,16,16,14,23,6,37,1.02,0,Pluie,226
2010-8-13,33,29,25,26,24,23,96,82,57,1014,1013,1013,16,13,1,34,10,42,21.34,3,Brouillard-Pluie-Orage,252
2010-8-14,35,29,25,26,24,21,96,74,48,1016,1015,1014,16,16,16,21,8,26,0.00,1,,265
2010-8-15,35,31,27,25,24,22,90,72,47,1016,1014,1013,16,16,16,19,6,,0.00,2,,247
2010-8-16,33,29,26,25,24,22,94,81,62,1016,1014,1013,16,13,1,39,6,48,13.46,3,Pluie-Orage,180
2010-8-17,34,30,26,26,24,22,96,76,47,1018,1016,1015,16,16,14,24,5,,0.00,1,,130
2010-8-18,34,30,26,25,23,22,93,73,49,1019,1018,1016,16,16,16,24,10,40,0.25,2,,200
2010-8-19,34,29,24,25,24,23,96,79,52,1019,1016,1013,16,16,11,27,8,37,3.56,3,Pluie-Orage,181
2010-8-20,35,29,24,26,23,21,97,76,44,1016,1015,1013,16,16,16,21,6,,0.00,1,,253
2010-8-21,34,29,25,27,24,23,100,84,55,1016,1015,1013,16,15,3,24,11,35,8.64,3,Pluie-Orage,237
2010-8-22,34,28,24,26,24,23,100,89,61,1014,1013,1011,16,16,10,27,8,39,1.27,4,Pluie-Orage,194
2010-8-23,31,27,24,25,24,22,100,86,65,1014,1013,1011,16,16,16,27,13,35,0.25,4,Pluie,199
2010-8-24,29,26,24,24,23,22,96,89,79,1014,1012,1011,16,15,2,29,14,53,5.33,3,Pluie-Orage,212
2010-8-25,31,27,24,26,23,22,94,85,74,1017,1015,1013,16,13,1,21,14,32,17.02,4,Pluie,239
2010-8-26,32,28,24,24,22,22,94,79,59,1018,1017,1015,16,15,2,23,6,,13.72,3,Pluie,186
2010-8-27,31,27,23,24,23,22,100,84,61,1018,1017,1015,16,15,8,21,10,,6.60,2,Pluie,51
2010-8-28,33,28,24,24,24,22,100,83,55,1018,1016,1015,16,14,3,26,8,,0.25,3,Pluie,52
2010-8-29,31,27,24,25,23,21,96,82,65,1021,1019,1016,16,15,3,34,13,40,3.30,3,Pluie,72
2010-8-30,32,28,24,23,21,18,91,69,46,1022,1020,1020,16,16,16,29,13,35,0.00,1,,61
2010-8-31,32,28,24,23,22,21,90,73,55,1020,1018,1017,16,16,16,32,14,40,0.00,1,,57
2010-9-1,32,28,24,23,21,17,91,69,44,1016,1014,1012,16,16,16,35,14,42,0.00,1,,45
2010-9-2,33,28,23,23,21,17,91,68,41,1015,1013,1011,16,16,13,13,8,,0.00,1,,343
2010-9-3,34,28,24,24,21,18,97,67,42,1016,1015,1013,16,16,11,19,6,,0.00,0,,244
2010-9-4,33,28,24,24,22,20,85,67,48,1017,1015,1013,16,16,16,16,8,42,0.00,1,,296
2010-9-5,34,28,24,24,23,21,94,75,48,1017,1015,1013,16,15,2,24,5,40,5.59,3,Pluie-Orage,214
2010-9-6,33,28,23,26,23,22,100,88,54,1021,1018,1016,16,14,3,32,8,48,12.45,4,Pluie-Orage,110
2010-9-7,31,27,22,24,23,22,97,83,61,1022,1020,1018,16,16,16,16,6,,1.52,2,,61
2010-9-8,32,27,23,25,23,22,100,87,59,1020,1017,1015,16,12,1,23,10,,60.45,4,Brouillard-Pluie,71
2010-9-9,33,28,24,25,23,21,100,82,48,1016,1014,1012,16,15,6,19,3,29,3.81,3,Pluie-Orage,273
2010-9-10,33,29,25,25,24,22,96,79,52,1015,1014,1012,16,16,16,16,5,,0.00,2,Orage,152
2010-9-11,34,29,24,25,23,21,97,76,47,1016,1014,1013,16,16,16,21,3,,0.00,0,Orage,127
2010-9-12,34,28,23,25,23,22,97,80,50,1016,1014,1013,16,13,1,39,10,50,35.56,3,Brouillard-Pluie-Orage,217
2010-9-13,33,29,25,24,24,22,96,79,55,1016,1014,1013,16,16,16,26,6,37,0.00,1,,55
2010-9-14,31,28,23,23,21,18,91,72,53,1018,1017,1015,16,16,16,29,13,37,0.00,0,,63
2010-9-15,31,27,22,22,20,18,82,70,57,1019,1018,1017,16,16,16,29,10,35,0.00,1,,60
2010-9-16,32,27,23,22,21,21,87,74,59,1018,1017,1015,16,16,16,29,11,35,0.00,1,,83
2010-9-17,32,27,23,22,21,18,93,72,48,1017,1016,1014,16,16,16,24,10,32,0.00,1,,64
2010-9-18,32,27,23,23,21,19,91,72,48,1018,1016,1015,16,16,16,32,10,37,0.00,1,,49
2010-9-19,32,27,23,22,21,19,87,72,57,1018,1016,1015,16,16,16,26,13,32,0.00,1,,18
2010-9-20,32,28,23,22,21,19,87,70,45,1017,1016,1015,16,16,16,23,11,32,0.00,0,,51
2010-9-21,32,27,22,22,21,19,93,73,49,1020,1018,1017,16,16,16,34,13,40,0.00,1,,73
2010-9-22,32,27,23,22,22,21,91,75,55,1021,1019,1018,16,16,16,27,13,37,0.00,1,,66
2010-9-23,32,27,23,24,23,21,97,83,57,1021,1020,1019,16,16,16,29,11,39,1.52,2,,71
2010-9-24,32,27,23,26,24,23,100,93,65,1021,1019,1017,16,14,2,29,10,37,14.73,5,Pluie-Orage,69
2010-9-25,30,26,23,24,22,20,100,83,61,1019,1016,1014,16,16,16,21,6,,0.00,1,,91
2010-9-26,32,27,22,23,22,21,97,77,52,1015,1012,1010,16,16,16,16,5,27,0.00,2,,120
2010-9-27,33,28,23,24,22,19,96,76,45,1012,1009,1007,16,16,16,23,11,34,0.00,1,Pluie,173
2010-9-28,31,26,21,24,23,21,100,95,62,1009,1007,1004,16,12,1,34,8,40,52.07,6,Brouillard-Pluie-Orage,117
2010-9-29,28,24,22,23,22,20,100,87,71,1006,1002,1000,16,16,16,24,11,34,0.00,1,,67
2010-9-30,30,25,21,22,19,13,100,80,36,1008,1003,1000,16,16,6,24,10,29,0.00,4,,307
2010-10-1,30,25,20,20,17,13,96,68,36,1010,1008,1007,16,16,16,16,6,,0.00,0,,326
2010-10-2,31,26,20,20,19,17,93,71,44,1011,1009,1008,16,16,16,19,8,,0.00,1,,339
2010-10-3,29,24,21,20,15,11,90,63,33,1016,1013,1010,16,16,16,21,10,26,0.00,0,,354
2010-10-4,28,23,18,16,14,9,90,61,31,1019,1016,1015,16,16,16,19,6,26,0.00,0,,4
2010-10-5,29,22,17,18,16,13,81,67,51,1019,1018,1016,16,16,16,27,14,37,0.00,1,,6
2010-10-6,26,21,17,14,12,11,72,58,42,1020,1018,1016,16,16,16,27,16,37,0.00,1,,11
2010-10-7,27,21,16,14,12,8,80,60,38,1019,1017,1015,16,16,16,16,8,,0.00,0,,6
2010-10-8,29,22,16,17,13,7,93,60,25,1019,1017,1016,16,16,16,16,5,,0.00,0,,325
2010-10-9,30,23,17,17,15,12,90,64,32,1019,1017,1015,16,16,16,19,3,,0.00,0,,147
2010-10-10,31,23,17,19,16,13,97,68,38,1018,1016,1014,16,16,16,14,3,,0.00,1,,75
2010-10-11,30,23,18,19,17,13,93,67,38,1018,1016,1015,16,16,16,16,3,,0.00,1,,145
2010-10-12,30,24,19,19,18,14,100,71,40,1018,1016,1014,16,16,11,16,3,,0.00,1,Brouillard,196
2010-10-13,29,24,21,18,16,11,84,60,31,1017,1016,1014,16,16,16,14,5,,0.00,0,,289
2010-10-14,29,24,20,20,17,11,93,63,35,1016,1014,1012,16,16,16,24,8,29,0.00,0,,299
2010-10-15,27,22,17,16,8,-2,76,45,15,1018,1015,1014,16,16,16,24,13,34,0.00,0,,324
2010-10-16,28,22,16,16,11,4,81,54,22,1021,1019,1017,16,16,16,23,10,27,0.00,0,,349
2010-10-17,28,22,18,15,12,7,73,56,30,1022,1020,1018,16,16,16,19,11,,0.00,0,,26
2010-10-18,28,21,14,16,14,12,97,68,39,1020,1018,1016,16,16,16,16,3,,0.00,1,Brouillard,93
2010-10-19,29,23,18,18,16,14,93,69,42,1017,1015,1013,16,16,16,11,2,,0.00,1,,174
2010-10-20,30,24,20,18,16,14,87,62,40,1015,1014,1012,16,16,16,19,6,,0.00,2,,281
2010-10-21,29,23,18,19,16,14,97,69,40,1016,1015,1013,16,15,6,13,5,,0.00,0,,319
2010-10-22,30,23,18,18,16,13,90,65,38,1021,1018,1016,16,16,11,19,6,,0.00,1,,41
2010-10-23,29,23,18,17,16,15,90,68,44,1023,1021,1020,16,16,16,26,8,37,0.00,1,,66
2010-10-24,31,24,19,21,18,15,93,72,40,1022,1020,1018,16,16,16,21,8,,0.00,0,,102
2010-10-25,32,26,20,23,21,19,100,80,46,1018,1016,1014,16,16,16,24,11,34,0.00,1,,147
2010-10-26,33,27,22,23,22,19,97,80,46,1017,1016,1014,16,16,14,24,13,35,0.00,1,,163
2010-10-27,33,27,22,23,22,20,100,81,48,1021,1019,1017,16,16,13,19,10,,0.00,2,,135
2010-10-28,33,27,23,23,22,18,100,79,45,1021,1019,1016,16,15,8,14,3,,0.00,2,,174
2010-10-29,29,26,21,21,16,8,94,64,31,1020,1017,1015,16,16,16,21,11,32,0.00,3,,4
2010-10-30,29,23,18,16,16,14,87,67,42,1022,1020,1019,16,16,16,23,11,40,0.00,0,,47
2010-10-31,29,23,17,18,16,14,93,69,41,1021,1019,1017,16,16,16,14,3,,0.00,2,,130
2010-11-1,29,23,18,19,18,17,96,76,51,1023,1021,1019,16,16,16,21,3,,0.00,3,,66
2010-11-2,26,23,20,22,20,19,100,89,68,1021,1018,1017,16,13,3,21,6,,16.00,8,Pluie,48
2010-11-3,29,24,19,21,19,18,100,89,53,1017,1014,1010,16,12,1,16,5,,0.51,4,,55
2010-11-4,26,22,17,21,20,15,100,95,79,1010,1005,1002,16,16,6,26,14,45,7.37,5,Pluie,190
2010-11-5,19,14,12,14,4,-3,86,51,24,1019,1012,1005,16,16,16,32,19,40,0.00,2,,319
2010-11-6,17,12,8,3,1,-2,66,47,29,1026,1023,1019,16,16,16,29,14,40,0.00,0,,342
2010-11-7,20,14,9,7,4,-1,66,54,42,1026,1024,1023,16,16,16,29,18,42,0.00,2,,352
2010-11-8,22,16,10,7,4,0,67,51,35,1023,1020,1017,16,16,16,19,11,,0.00,0,,333
2010-11-9,26,18,11,9,7,4,77,52,26,1019,1017,1015,16,16,16,13,6,,0.00,0,,301
2010-11-10,27,19,12,14,9,4,87,57,23,1020,1018,1016,16,16,16,16,5,,0.00,0,,352
2010-11-11,27,21,15,14,13,11,96,67,39,1024,1022,1020,16,15,10,23,10,34,0.00,1,,10
2010-11-12,26,21,15,14,13,9,83,69,35,1024,1023,1022,16,16,16,23,13,35,0.00,1,,10
2010-11-13,25,19,14,14,13,12,89,70,47,1023,1021,1019,16,16,16,16,10,,0.00,1,,16
2010-11-14,26,19,12,13,11,8,97,67,35,1020,1018,1016,16,16,16,11,3,,0.00,0,,340
2010-11-15,26,19,12,16,13,12,100,76,45,1017,1015,1013,16,15,2,16,3,,0.00,1,,150
2010-11-16,28,21,15,18,16,14,94,73,49,1015,1013,1011,16,16,16,26,11,37,0.00,4,,202
2010-11-17,26,22,18,19,18,16,97,78,56,1020,1018,1015,16,15,6,14,5,,0.00,4,,340
2010-11-18,25,19,14,18,12,4,97,65,31,1023,1021,1019,16,15,8,19,6,27,0.00,2,,357
2010-11-19,24,18,13,13,11,9,80,63,37,1025,1023,1022,16,16,16,21,10,29,0.00,1,,27
2010-11-20,27,21,16,17,14,12,83,67,40,1026,1025,1023,16,16,16,24,8,29,0.00,4,,56
2010-11-21,24,20,17,18,17,15,94,84,58,1027,1026,1025,16,14,3,24,11,34,0.25,6,Pluie,73
2010-11-22,25,21,16,18,17,14,97,78,60,1026,1025,1023,16,16,13,24,8,,0.25,6,Pluie,71
2010-11-23,28,22,17,17,16,12,93,73,37,1023,1022,1020,16,16,16,21,5,,0.00,2,,71
2010-11-24,28,22,16,17,15,12,96,73,40,1022,1020,1018,16,15,3,14,3,,0.00,1,,72
2010-11-25,28,21,14,19,16,13,100,81,39,1021,1019,1017,16,12,0,14,3,,0.00,2,Brouillard,158
2010-11-26,27,23,20,21,19,18,96,83,62,1017,1015,1013,16,16,10,35,11,42,0.51,5,Pluie,207
2010-11-27,21,18,15,20,16,8,100,80,60,1020,1016,1013,16,14,10,21,11,34,0.00,6,,338
2010-11-28,24,18,12,18,12,5,90,67,53,1022,1020,1019,16,16,16,21,13,29,0.00,4,,48
2010-11-29,27,23,19,21,20,18,100,90,65,1023,1021,1020,16,14,3,32,14,40,7.62,7,Pluie,88
2010-11-30,28,22,17,21,19,17,100,84,56,1021,1019,1016,16,13,0,23,6,29,0.00,2,Brouillard,163
2010-12-1,22,16,9,20,8,-2,94,61,28,1023,1020,1016,16,16,16,35,21,48,0.00,3,Pluie,305
2010-12-2,16,11,6,2,-1,-3,58,45,32,1025,1023,1022,16,16,16,19,13,29,0.00,0,,347
2010-12-3,18,12,7,4,-1,-4,69,43,23,1024,1022,1021,16,16,16,16,10,,0.00,0,,343
2010-12-4,21,13,5,11,6,3,86,61,33,1022,1020,1017,16,16,16,21,6,26,0.00,0,,262
2010-12-5,20,16,9,16,12,2,93,81,53,1020,1017,1015,16,15,8,23,13,34,0.25,3,Pluie,269
2010-12-6,12,7,3,1,-2,-6,65,52,29,1022,1020,1018,16,16,16,27,16,37,0.00,0,,307
2010-12-7,11,6,2,-2,-7,-11,60,40,21,1023,1021,1019,16,16,16,24,16,35,0.00,0,,305
2010-12-8,14,8,2,-3,-5,-8,67,43,21,1022,1021,1020,16,16,16,13,5,29,0.00,1,,350
2010-12-9,16,12,7,6,2,-4,80,59,41,1023,1022,1020,16,16,16,21,13,26,0.00,2,,354
2010-12-10,17,12,8,13,10,6,94,84,75,1022,1021,1019,16,16,11,14,11,,0.00,5,,336
2010-12-11,19,14,10,11,10,9,100,85,52,1021,1019,1015,16,11,1,14,6,,0.00,5,Brouillard,317
2010-12-12,22,16,11,13,10,3,96,81,53,1015,1010,1006,16,14,6,39,16,61,1.02,5,Pluie,234
2010-12-13,9,6,2,-3,-5,-9,60,49,37,1018,1013,1011,16,16,16,45,26,55,0.00,3,,295
2010-12-14,9,3,-2,-5,-12,-19,59,36,13,1022,1021,1018,16,16,16,26,18,47,0.00,0,,310
2010-12-15,13,7,0,-2,-9,-14,53,35,16,1023,1021,1019,16,16,16,19,5,,0.00,0,,331
2010-12-16,21,11,2,7,1,-2,76,55,26,1021,1019,1017,16,16,16,24,6,32,0.00,0,,207
2010-12-17,24,17,10,12,10,7,97,69,40,1020,1018,1016,16,16,10,16,8,,0.00,0,,203
2010-12-18,19,14,9,17,14,9,100,94,87,1016,1012,1009,16,8,0,11,2,,18.54,5,Brouillard-Pluie,85
2010-12-19,15,11,7,15,11,4,100,93,77,1018,1012,1009,16,8,1,19,11,,0.00,8,Pluie,351
2010-12-20,17,10,4,4,3,2,93,67,39,1022,1020,1017,16,16,13,21,11,29,0.00,0,,7
2010-12-21,19,12,5,6,4,2,86,61,32,1024,1022,1021,16,16,16,21,3,,0.00,0,,266
2010-12-22,24,16,8,15,11,7,93,72,41,1021,1019,1016,16,15,10,27,13,40,0.00,2,,264
2010-12-23,17,12,8,15,9,2,97,75,51,1022,1019,1016,16,14,8,23,16,29,0.00,1,,343
2010-12-24,19,12,6,7,4,1,80,62,40,1023,1021,1020,16,16,16,14,11,27,0.00,0,,19
2010-12-25,22,14,7,15,9,5,93,70,45,1020,1014,1007,16,16,16,34,8,48,2.54,2,,188
2010-12-26,17,10,2,16,5,-6,94,74,53,1020,1012,1005,16,16,8,42,29,63,1.52,6,Pluie,281
2010-12-27,9,4,-1,-1,-6,-8,82,53,29,1027,1023,1020,16,16,16,32,24,47,0.00,0,,294
2010-12-28,12,6,0,-1,-4,-6,76,54,28,1029,1026,1024,16,16,16,13,6,,0.00,0,,315
2010-12-29,17,9,0,3,0,-3,92,62,27,1025,1023,1020,16,16,13,13,2,,0.00,0,,50
2010-12-30,22,14,6,11,7,2,89,67,41,1023,1021,1019,16,16,16,19,5,,0.00,2,,120
2010-12-31,24,17,11,14,12,9,97,75,46,1023,1022,1021,16,16,10,24,8,,0.00,1,,128
2011-1-1,24,18,12,14,13,11,93,73,50,1023,1021,1019,16,15,6,23,10,34,0.00,2,,156
2011-1-2,24,21,17,18,16,15,94,80,60,1022,1021,1020,16,16,14,26,11,29,0.00,2,Pluie,229
2011-1-3,21,16,11,17,9,4,96,70,42,1024,1022,1020,16,16,10,19,11,,0.00,5,,23
2011-1-4,23,17,11,15,13,10,100,81,57,1023,1021,1019,16,13,1,19,8,,0.00,7,,303
2011-1-5,24,19,15,17,13,5,88,68,36,1020,1015,1011,16,16,16,26,8,42,0.00,6,,236
2011-1-6,20,16,11,18,14,3,100,85,34,1011,1009,1006,16,13,3,35,16,55,10.92,5,Pluie-Orage,268
2011-1-7,18,12,7,9,4,0,80,60,39,1012,1009,1007,16,16,16,40,16,50,0.00,1,,272
2011-1-8,22,16,10,12,7,-1,89,59,31,1014,1009,1007,16,16,16,35,19,48,0.00,0,,265
2011-1-9,18,12,6,8,5,0,86,66,48,1021,1019,1014,16,16,16,23,11,32,0.00,0,,17
2011-1-10,21,16,10,18,15,8,100,86,65,1019,1017,1014,16,12,1,32,10,42,9.40,4,Brouillard-Pluie-Orage,176
2011-1-11,18,14,8,17,12,6,96,81,54,1025,1021,1018,16,14,4,14,10,,0.00,5,,302
2011-1-12,12,7,3,5,-3,-8,83,53,25,1029,1027,1025,16,16,16,24,16,32,0.00,1,,328
2011-1-13,11,5,-1,0,-4,-8,67,54,36,1032,1030,1028,16,16,16,19,14,32,0.00,0,,4
2011-1-14,17,10,3,7,3,-2,77,64,48,1030,1028,1026,16,16,16,19,11,,0.00,3,,6
2011-1-15,21,14,7,9,7,5,86,68,38,1026,1024,1021,16,16,16,13,6,,0.00,6,,30
2011-1-16,21,16,11,11,9,7,83,68,46,1022,1020,1017,16,16,16,13,5,,0.00,6,,31
2011-1-17,17,14,12,16,14,9,100,95,80,1016,1012,1010,16,8,1,35,10,40,42.42,7,Brouillard-Pluie-Orage,32
2011-1-18,25,20,15,17,15,13,100,85,47,1014,1013,1012,16,10,0,27,8,40,0.00,5,Brouillard,220
2011-1-19,24,18,13,17,14,11,94,77,43,1019,1015,1012,16,16,16,23,10,,0.00,1,,257
2011-1-20,26,18,11,16,13,11,100,83,50,1019,1016,1012,16,11,0,19,5,,0.00,3,Brouillard,356
2011-1-21,20,16,11,18,15,9,100,93,81,1012,1010,1008,16,9,1,21,11,34,44.96,8,Pluie-Orage,344
2011-1-22,14,10,6,9,5,-6,94,70,26,1018,1011,1008,16,16,10,48,13,61,0.25,5,,308
2011-1-23,16,9,3,4,-2,-6,71,49,26,1023,1021,1018,16,16,16,19,10,,0.00,1,,13
2011-1-24,22,16,9,13,7,1,81,62,44,1025,1022,1021,16,16,16,23,10,29,0.00,6,,57
2011-1-25,24,20,16,18,15,11,100,76,60,1021,1015,1010,16,13,1,53,21,76,33.78,7,Pluie-Orage,181
2011-1-26,20,15,9,16,10,2,93,72,34,1020,1015,1011,16,15,5,42,23,58,0.00,3,Pluie,273
2011-1-27,16,11,7,7,3,-1,90,62,35,1022,1020,1018,16,16,16,24,10,32,0.00,0,,302
2011-1-28,18,13,8,6,3,1,77,57,34,1021,1019,1017,16,16,16,21,13,34,0.00,0,,285
2011-1-29,22,14,8,10,7,3,93,63,29,1023,1021,1020,16,16,10,13,8,,0.00,0,,256
2011-1-30,22,15,8,12,7,2,100,65,26,1025,1023,1021,16,12,0,11,2,,0.00,1,Brouillard,303
2011-1-31,23,18,12,14,11,8,90,70,49,1024,1021,1020,16,16,13,16,5,,0.00,2,,152
2011-2-1,27,20,13,17,14,13,100,84,46,1021,1019,1016,16,11,1,24,8,29,0.25,1,Brouillard,138
2011-2-2,26,22,18,19,18,17,94,82,64,1022,1020,1017,16,16,14,19,14,,0.00,3,,197
2011-2-3,21,18,16,19,15,9,100,83,63,1025,1022,1021,16,11,1,21,6,27,0.00,6,Brouillard,39
2011-2-4,27,21,15,18,16,14,100,91,52,1022,1020,1016,16,6,0,14,5,,0.00,6,Brouillard,39
2011-2-5,26,20,14,19,17,13,94,86,56,1017,1015,1013,16,16,10,27,13,52,1.52,7,Pluie,252
2011-2-6,16,14,13,14,13,9,100,90,77,1020,1017,1014,16,12,2,13,2,,4.06,8,Pluie,64
2011-2-7,27,20,13,18,14,11,97,87,52,1019,1015,1009,16,13,3,34,11,53,2.54,7,Pluie,323
2011-2-8,14,11,7,12,6,3,90,73,47,1023,1020,1016,16,16,14,32,18,45,0.00,4,,304
2011-2-9,23,15,7,13,9,5,90,70,44,1023,1020,1015,16,16,16,14,5,27,0.00,0,,138
2011-2-10,19,14,11,18,12,8,94,87,73,1019,1015,1011,16,15,3,29,14,42,2.79,8,Pluie,360
2011-2-11,14,11,9,8,7,5,89,76,58,1024,1020,1016,16,16,11,23,11,34,0.00,5,,330
2011-2-12,16,11,6,4,-2,-8,82,49,20,1029,1027,1024,16,16,16,19,10,29,0.00,0,,2
2011-2-13,19,11,4,3,-2,-8,73,45,17,1030,1028,1026,16,16,16,16,5,,0.00,0,,337
2011-2-14,22,14,7,6,2,-1,76,48,23,1027,1025,1023,16,16,16,19,6,,0.00,0,,294
2011-2-15,23,16,9,11,7,2,93,63,25,1025,1024,1023,16,15,11,16,10,,0.00,0,,352
2011-2-16,24,18,12,15,12,11,96,75,44,1026,1024,1023,16,14,6,21,5,,0.00,3,,52
2011-2-17,26,19,13,16,14,13,100,84,45,1026,1024,1023,16,9,0,19,3,,0.00,3,Brouillard,77
2011-2-18,26,20,14,16,13,10,100,71,38,1026,1024,1023,16,15,4,14,3,,0.25,1,,204
2011-2-19,27,21,14,13,12,9,89,65,33,1024,1022,1020,16,16,13,24,6,,0.00,0,,24
2011-2-20,26,19,13,16,13,12,96,76,45,1023,1021,1020,16,10,2,24,5,32,0.00,1,,102
2011-2-21,28,22,16,16,15,13,93,70,41,1020,1018,1016,16,15,8,29,11,39,0.00,1,,213
2011-2-22,27,22,16,18,15,12,97,68,39,1020,1018,1017,16,15,8,24,11,35,0.00,1,,252
2011-2-23,27,21,16,18,16,11,100,82,40,1023,1020,1018,16,11,1,23,11,,0.00,5,Brouillard,350
2011-2-24,27,20,14,17,14,11,100,75,38,1023,1021,1018,16,13,1,21,10,,0.00,5,Brouillard,92
2011-2-25,28,23,19,18,16,12,87,65,37,1020,1017,1015,16,16,13,32,16,47,0.00,4,,227
2011-2-26,28,22,17,18,16,13,93,66,38,1021,1019,1017,16,15,10,19,8,,0.00,5,,224
2011-2-27,28,22,16,18,16,13,97,70,39,1022,1020,1018,16,15,8,23,6,29,0.00,0,,152
2011-2-28,29,23,18,19,16,12,96,65,37,1021,1019,1016,16,16,14,29,16,45,0.00,1,,207
2011-3-1,25,21,16,21,17,13,94,79,57,1022,1018,1016,16,16,6,29,16,40,2.54,4,Pluie,298
2011-3-2,24,19,15,14,12,9,90,69,42,1023,1022,1020,16,15,8,29,14,37,0.00,2,,40
2011-3-3,24,20,16,14,11,7,90,60,32,1025,1023,1022,16,15,13,34,14,47,0.00,3,,71
2011-3-4,22,17,13,17,14,11,94,82,59,1026,1025,1023,16,14,2,35,14,55,6.10,5,Pluie,72
2011-3-5,26,20,15,16,14,13,90,72,48,1024,1021,1018,16,16,16,34,13,39,0.00,3,,106
2011-3-6,27,21,15,18,15,12,94,76,38,1017,1015,1012,16,16,14,32,18,42,0.00,3,,214
2011-3-7,21,16,11,13,9,7,94,76,44,1022,1018,1015,16,16,16,26,11,,0.00,4,,3
2011-3-8,26,18,11,16,12,9,100,77,39,1024,1022,1020,16,11,1,26,10,39,0.00,2,Brouillard,69
2011-3-9,28,22,16,18,16,14,94,73,49,1023,1021,1019,16,15,3,35,16,52,10.41,4,Pluie,113
2011-3-10,21,17,12,16,13,4,94,79,44,1021,1019,1015,16,14,3,26,11,37,17.53,6,Pluie,239
2011-3-11,18,12,7,6,2,-3,73,51,24,1024,1022,1020,16,16,16,26,14,37,0.00,0,,310
2011-3-12,23,14,7,6,1,-3,86,47,19,1027,1025,1023,16,16,16,11,5,,0.00,0,,326
2011-3-13,24,20,16,9,6,3,60,38,26,1026,1024,1023,16,16,16,10,5,,0.00,0,,200
2011-3-14,26,19,12,13,9,6,77,55,32,1025,1024,1022,16,16,16,23,3,27,0.00,0,,191
2011-3-15,26,20,14,13,12,9,90,62,37,1025,1024,1022,16,16,16,14,6,27,0.00,1,,172
2011-3-16,28,21,14,16,13,10,90,62,35,1025,1024,1022,16,16,16,19,5,,0.00,1,,256
2011-3-17,28,21,14,17,15,13,93,72,42,1027,1025,1023,16,16,13,23,8,,0.00,0,,42
2011-3-18,29,21,14,17,13,6,100,68,24,1026,1025,1023,16,14,2,19,3,,0.25,0,,94
2011-3-19,30,23,16,15,11,7,83,54,24,1025,1023,1022,16,16,16,14,6,,0.00,0,,307
2011-3-20,28,22,17,17,15,11,78,66,47,1028,1026,1024,16,16,16,29,10,40,0.00,3,,53
2011-3-21,28,22,17,16,14,13,90,68,42,1028,1026,1024,16,16,16,21,11,29,0.00,1,,83
2011-3-22,29,22,16,15,13,11,90,59,36,1024,1021,1017,16,16,13,14,6,,0.00,0,,201
2011-3-23,30,23,17,17,14,7,100,70,26,1019,1016,1013,16,13,2,29,8,35,0.00,2,,258
2011-3-24,31,24,18,19,16,12,94,69,32,1015,1013,1011,16,15,11,39,21,52,0.00,3,,258
2011-3-25,29,23,18,18,9,-1,90,50,15,1016,1014,1013,16,16,14,21,14,29,0.00,0,,305
2011-3-26,30,21,14,16,12,6,75,52,37,1016,1014,1012,16,16,16,19,3,,0.00,2,,213
2011-3-27,33,26,18,18,14,12,93,56,29,1014,1013,1011,16,16,16,26,11,34,0.00,1,,228
2011-3-28,24,21,18,21,18,17,100,89,64,1017,1015,1012,16,13,3,29,13,37,35.05,6,Pluie,201
2011-3-29,27,22,17,19,18,17,100,80,58,1020,1017,1016,16,16,3,16,6,,0.00,4,,45
2011-3-30,29,23,19,21,18,15,97,84,61,1018,1013,1007,16,14,3,77,16,121,5.08,5,Pluie,174
2011-3-31,21,19,18,19,18,16,100,93,81,1012,1007,1005,16,8,1,37,14,82,100.08,7,Brouillard-Pluie-Orage,229
2011-4-1,26,21,17,18,12,4,96,63,25,1015,1011,1007,16,16,14,27,16,39,0.00,2,,281
2011-4-2,28,21,14,14,12,9,84,56,32,1019,1016,1015,16,16,16,23,11,27,0.00,0,,271
2011-4-3,28,22,16,16,13,9,97,60,31,1022,1020,1019,16,15,8,21,10,27,0.00,0,,74
2011-4-4,31,24,17,19,17,16,97,71,40,1020,1017,1014,16,15,8,32,13,37,0.00,0,,158
2011-4-5,24,20,15,21,17,7,94,81,60,1019,1014,1012,16,14,2,37,21,64,9.40,5,Pluie-Orage,243
2011-4-6,24,18,12,13,9,4,81,55,40,1024,1022,1019,16,16,16,27,13,27,0.00,0,,67
2011-4-7,29,21,15,18,16,13,90,72,47,1022,1020,1017,16,16,16,24,5,,0.00,3,,134
2011-4-8,32,26,19,20,18,16,93,69,39,1022,1020,1018,16,16,16,16,8,,0.00,2,,169
2011-4-9,32,26,21,19,17,14,87,61,35,1022,1020,1019,16,16,14,13,8,,0.00,0,,245
2011-4-10,33,27,21,19,17,14,81,58,34,1022,1020,1018,16,16,16,13,6,,0.00,1,,293
2011-4-11,32,27,21,19,17,16,84,58,39,1020,1017,1015,16,16,16,16,5,,0.00,0,,222
2011-4-12,32,27,22,22,19,14,94,73,39,1016,1014,1013,16,14,2,29,14,53,3.56,2,Pluie,248
2011-4-13,28,23,18,16,12,6,87,54,24,1017,1016,1014,16,16,14,16,10,34,0.00,0,,317